,City,NickName,Province,Sex,Signature
0,浦东新区,小小少年🌟,上海,1,简·约
1,三明,陆爱琴,福建,1,
2,朝阳,张艳峰,北京,1,渔夫移山！
3,,冬洁,山东,1,
4,,林丹,,1,
5,浦东新区,哇哇的,上海,1,看热闹
6,,社长大人,,0,
7,闸北,逍遥阁,上海,2,风华绝代  逍遥自在 如梦如幻 高品质生活帮
8,浦东新区,开心的🐢的🏠,上海,1,
9,广州,我很好，比你好,广东,2,如果以后你结婚的对象不是我 我就笑着把你新娘的婚纱撕烂你说好不好
10,广州,若枫,广东,2,我给你最大限度的空间和自由 可在你眼里我还是你的负担
11,漳州,李隆澍,福建,2,从什么时候开始我对你的思念，已成为一种习   
12,广州,可爱XXOO,广东,2,"➕微<span class=""emoji emoji2764""></span>️okzz888"
13,广州,时间是金钱,广东,2,…
14,,文艺,,1,
15,,宝宝,,1,
16,浦东新区,吖！Patty〜,上海,2,
17,深圳,李娜,广东,2,你诺不爱请你走开
18,广州,吴玉操,广东,1,效率！
19,中山,ken,广东,1,凡是想去的，都会到达。
20,广州,吴媚,广东,2,
21,,天鹅,,0,
22,,容儿妹,,2,
23,,pui,,2,投 資 顧 問 
24,,💓kitty💘,,2,可惜不是你～
25,长宁,小八,上海,2,人事を尽くして、天命を待つ
26,静安,过气水蜜桃🍭🍬,上海,2,Stay hungry
27,徐汇,吴晓锋,上海,1,
28,杨浦,陈懿渊,上海,1,广积粮，缓称王
29,,在需校生,,1,
30,,小丽,,1,
31,,丹丹,,2,
32,合肥,倾国倾城,安徽,2,北方有佳人，绝世而独立。一顾倾人城，再顾倾人国。
33,,啪啪啪,,2,se女人
34,杨浦,徐炜,上海,1,
35,南昌,Summer❤️,江西,2,"我有一颗跳动的<span class=""emoji emoji2764""></span>️<span class=""emoji emoji2764""></span>️<span class=""emoji emoji2764""></span>️"
36,昌平,Tina,北京,2,
37,青岛,sunny,山东,1,请珍惜对待好你身边的每一个人。
38,青岛,晓。,山东,2,一念觉，天地宽。
39,宜昌,a0崖柏毛料专卖,湖北,1,
40,广州,莜涵児,广东,2,美丽不仅只有在外，心灵的美丽才是最动人的
41,烟台,周吉磊,山东,1,
42,朝阳,雨夜夫妻档,北京,1,淘宝菩提子第一品牌 微信公众号：雨夜菩提
43,广州,你的益达,广东,2,每个人生命里总会出现那么一个人，你觉得他Ta说的什么都是对的。
44,,寂寞如烟,,0,
45,,平,,0,
46,成都,荣和馆 - 素.意,四川,2,批发零售崖柏，金丝楠家具，淘宝店铺地址rhg8.taobao.com
47,焦作,崖柏王☜电话18118888884,河南,1,崖柏王，全国最大的崖柏批发商兼鉴定师！电话：18118888884
48,,🌸羽晨,,2,没有适合的伞、我宁愿一直淋雨
49,成都,刘志恒,四川,1,iCool
50,泉州,小沈茶行13,福建,2,
51,徐汇,王娜,上海,2,己
52,,宋秀珍,,0,
53,深圳,黄艺强,广东,1,
54,佛山,banmer,广东,1,像黄瓜一样酷as cool as a cucumber
55,广州,站伦(老毕),广东,1,
56,浦东新区,lishuang,上海,1,
57,海淀,京城第一籽莲花居主姜跃进,北京,1,中国收藏家协会文玩收藏委员会主任  京城第一籽莲花居   姜跃进
58,,美好时光,上海,2,真诚的我想认识真实的你
59,Melbourne,调调,Victoria,2,就喜欢你看我不爽，又干不掉我的样子！
60,浦东新区,陈鹏,上海,1,囧囧的
61,济源,猎鹰,河南,1,
62,,四海八荒阿晴上神,,2,做我的软肋 也做我的铠甲
63,,鲵娃娃,,0,三亿五千万年的生命，我们敬畏！三亿五千万年的文化，我们延续！
64,莆田,福建仙作红木批发商铺,福建,1,电话 18050518155
65,,似水流年,Vienna,2,平平淡淡才是真
66,广州,许艳华,广东,2,小许
67,黄浦,Joshua,上海,1,Live simply.
68,浦东新区,麦子,上海,2,
69,郑州,芙儿,河南,2,宁可一个人高姿态的活着，也绝不低声下气的爱着!
70,,伽罗奢💋,Dublin,1,别有幽愁暗恨生，此时无声胜有声
71,虹口,立挽狂澜,上海,1,
72,浦东新区,Polaris,上海,1,明道若昧，进道若退
73,虹口,morrigan,上海,2,
74,朝阳,运雅慧,北京,2,"不会再随便牵手，也不会再随便放手<span class=""emoji emoji1f33c""></span>"
75,广州,杰,广东,1,努力工作！和公司一起进步和发展！
76,杨浦,fx515,上海,1,若水
77,,A00000精品星月菩提厂家直销,,0,星月菩提厂家批发，专注精品星月，诚招代理
78,,叶子,,0,
79,,Shadow Pan,,1,"I am a Shadow, hoping
 to find the Ophelia"
80,唐山,周建华,河北,1,
81,浦东新区,年轻的早晨,上海,2,Cathy
82,青岛,旅程,山东,1,
83,,园子,上海,2,
84,,七月,,0,
85,青岛,盛世,山东,1,开开心心每一天，快快乐乐每一刻。
86,安阳,海阔天空,河南,1,善待生命
87,朝阳,董安国,北京,0,
88,,坏男孩罗密欧团队_枫枫,,2,跳不出自己的舒适区，你永远都是一个lose
89,,老三园艺（张艳华）,上海,2,
90,,李国颖,,1,
91,朝阳,随风,北京,1,
92,朝阳,荆棘,北京,1,
93,卢湾,liyan,上海,2,what r u doing?
94,青岛,小安,山东,1,
95,西城,张子春,北京,1,
96,长沙,邹,湖南,1,
97,虹口,石头,上海,1,
98,青岛,地久天长,山东,0,
99,,孙其峰,山东,1,
100,广州,莉莉 🌺,广东,2,"女女<span class=""emoji emoji1f338""></span><span class=""emoji emoji1f337""></span><span class=""emoji emoji1f33a""></span>"
101,,陈伟,,0,
102,,ydq,上海,1,
103,浦东新区,Phoebe.H,上海,2,
104,浦东新区,夏莹,上海,2,你千万别喊我，我怕我忍不住回头
105,青岛,慧慧,山东,2,
106,海淀,土特产,北京,1,感谢身边的所有人，缘分啊
107,,🐟,,2,一起走
108,浦东新区,泽满,上海,1,勤有功，嬉无益
109,浦东新区,小冉,上海,2,"一切，顺其自然，就好。<span class=""emoji emoji1f463""></span>"
110,,yiyi,,0,
111,,毛头,,0,
112,浦东新区,Sally,上海,2,
113,,WR,,1,弈 异 易 艺；竞 敬 静 净
114,杭州,飞翔的心愿,浙江,1,太在意未必有好的受益
115,虹口,3141592653,上海,1,
116,宝山,稀饭_牛牛,上海,1,好男人就是我~我就是~
117,,haowei236,,1,
118,江门,缘香居崖柏根艺工作室,广东,1,禅意雕刻，崖柏根雕，茶空间
119,长宁,大路,上海,2,我是好人
120,广州,🍡丸子💓 女王大人👑,广东,2,小吃货一枚
121,,Miss徐,香港,2,"笑一笑，世界更美妙<span class=""emoji emoji1f601""></span>"
122,闵行,赵黎敏,上海,2,
123,浦东新区,刘彬,上海,1,GROWTH AND COMFORT WON'T COEXIST
124,景德镇,九龍門,江西,1,怀揣梦想，现实地活着！
125,,徽行中山南路支行许胤,Dublin,2,心中有热爱  眼里才会有光芒
126,浦东新区,林羽,上海,1,一兆韦德健身Tel:15901605030
127,,小童,上海,2,"Empty your mind
"
128,普陀,掰掰鲵,上海,1,"Let’s make changes, without which, we will never succeed!"
129,佳木斯,yang,黑龙江,2,原谅自己，理解他人
130,沈阳,Ad.德 【古玩 老普洱】,辽宁,1,梦想还是要有的 万一实现了呢？
131,中西区,顾寅俊,香港,1,
132,中山,凤鸣天和,广东,1,凤鸣山中静，天和香摄魂。随风起妖娆，堪堪了红尘。
133,青岛,leona,山东,2,春去春又回
134,,掌柜,,1,夏虫不可语于冰
135,昌都,雪域,西藏,1,
136,朝阳,坏男孩官方小妖团队～安儿💋,北京,1,做懂她的男人，主打长期关系、女性心理 狙击 挽回 脱单 升级关系
137,,张小伟,,1,再难也要坚持！
138,浦东新区,劉飛,上海,1,
139,浦东新区,理想庞,上海,1,15221630656
140,,戴,上海,1,
141,广州,朱小朱,广东,2,开心就好…
142,广州,李宇力,广东,1,命里有时终须有，命里无时莫强求
143,朝阳,刘洋,北京,2,好消息今天开
144,,Marina,,0,
145,苏州,戴个大墨镜,江苏,1,
146,广州,YMHD,广东,1,18年继续努力，顺顺利利发展
147,石家庄,佳美BG3MII,河北,1,佳美
148,厦门,卢景明,福建,1,
149,海淀,张妤,北京,2,
150,徐汇,kk,上海,2,ky
151,浦东新区,乐泽民,上海,1,喜欢旅游和音乐。
152,,zwt,上海,2,
153,,年轻的老马骝,,1,对未来的真正慷慨，是把一切献给现在。——加嫪《反抗者》
154,綦江,龙飞,重庆,1,
155,,安静蔷薇,,2,越是美丽的东西我越不可碰
156,池州,安徽池州皖南农村山里,安徽,1,安徽池州皖南农村山里
157,,承宇,,2,
158,徐汇,Kevin（赵毅）,上海,1,道生一，一生二，二生三，三生万物
159,郑州,＇,河南,1,
160,嘉定,张祖云,上海,1,真正的快乐来源于宽容和帮助.
161,浦东新区,强哥,上海,1,
162,广州,NK工作室,广东,2,"主做高端<span class=""emoji emoji3120e3""></span>️比<span class=""emoji emoji3120e3""></span>️复刻 各大潮牌 <span class=""emoji emoji3120e3""></span>️手货诚招代理 一件代发"
163,广州,冯伯佳,广东,1,
164,浦东新区,Jane,上海,2,
165,哈尔滨,格格,黑龙江,2,婉儿
166,,崖柏与麻利。15175188551,,2,"寂寞<span class=""emoji emoji1f604""></span>"
167,,冰冰棒🌈,,2,
168,广州,灵龟阁,广东,1,非本店商品恕不鉴定不估价不评论 回复较慢见谅 有开箱视频售后
169,,X。,北京,1,
170,广州,Ivan_Cui,广东,1,得不到的永远在骚动 被偏爱的都有恃无恐
171,浦东新区,summer,上海,2,
172,海淀,A.念珠轩.老曹 ‍微信金牌商家🏅,北京,1,老曹接触八年文玩 微信金牌商家 论坛明星商户 淘宝皇冠六年老店
173,宝山,安可,上海,1,半生瓜
174,虹口,经小胖,上海,1,一“璐”有你
175,,顾霞琴,四川,2,新的征程，努力！
176,浦东新区,陈鹏,上海,1,自律给人自由
177,济南,悦己容🌸 璞真,山东,2,"新娘跟妆<span class=""emoji emoji1f484""></span> 教学 韩式半永久定妆<span class=""emoji emoji1f48b""></span> 激光脱毛<span class=""emoji emoji1f459""></span>超声刀"
178,,钱晨洁,上海,2,
179,,南,上海,1,
180,,汤裕奇  13777403080,,0,要么让困难打败你  要么使自己更强壮！
181,青岛,华娟,山东,2,☆
182,广州,妙用堂,广东,2,缅甸翡翠一手货源，诚招代理
183,青岛,李海成,山东,1,海蛎子
184,浦东新区,韩懿,上海,1,
185,通州,张俊,北京,1,GOTC：星汇环球，商聚赋能，德行天下
186,浦东新区,薄荷莫卡,上海,2,
187,,Mandy 张霄羽,,2,多闻草木少识人
188,广州,Can,广东,2,
189,浦东新区,阿喜,上海,1,
190,London,KExin,England,2,
191,闵行,Joanna Zhu,上海,2,智者无惑 仁者无忧 勇者无惧
192,浦东新区,阿亮,上海,1,我愿自己这微小的生命一辈子忠于内心，过着有爱有痛不凑合的日子
193,,艺心,,0,工作时间12:30到22：30 其他时间上班回复 紧急致电 勿私聊看不到
194,,Vivian,上海,2,先结果，后开花……
195,深圳,天地荟臻品,广东,1,做中国文化饰品第一品牌，京东上线搜:天地荟官方旗舰店
196,普陀,风外游尘,上海,1,
197,,rlyl,,0,朋友们有事随时留言，看到后会及时回复：）
198,朝阳,💒Lisa🌈,北京,2,我健康，我快乐。
199,青岛,子叶,山东,2,工作时间12:30到22:30 其他时间上班回复 紧急致电 勿私聊 看不到
200,宝山,孙超,上海,1,
201,浦东新区,迈,上海,1,换新号：17600383900
202,浦东新区,Lou,上海,1,巧克力
203,,白玉为堂,上海,2,
204,,已注销,,0,
205,浦东新区,Brad,上海,1, 
206,广州,木易杨,广东,1,
207,青岛,乐酱呼叫转移中..💬,山东,2,404 not found
208,石家庄,小崔13703218689,河北,1,君子爱才，取之有道，
209,朝阳,精诚小石头,北京,2,北京本地绿色蔬果配送达人+DIY狂魔+极品崖柏收藏家
210,,妮,北京,2,如果事与愿违，请相信另有安排！
211,广州,高伟燔,广东,1,功夫茶
212,朝阳,Ting~,北京,2,
213,,小溪,,0,
214,,应,上海,1,耐得住寂寞，守得住繁华
215,南京,lqk,江苏,1,传说这里也能发状态←_←
216,宝山,longerwell,上海,1,
217,虹口,李怡,上海,2,心里有束光 眼里有片海
218,青岛,summer鱼儿,山东,2,人生如河，河有三个维度，长度、宽度和深度，体积越大影响力越大
219,,刘香Nikki,上海,2,握有决定权的才有生机，否则只有任人宰割的份儿了！
220,浦东新区,张希南,上海,1,
221,,Aj🔥Nike、NB、阿迪UGG-厂家直销,,2,诚招代理不压货不收取代理费用只做最高品质一切货源源头 零售后
222,朝阳,小鹿情感官方小妖团队～妖格格,北京,2,加微信先看朋友圈，非免费服务，诚心来问
223,,BlackCat,北京,1,
224,通辽,辛朵莲,内蒙古,2,
225,虹口,OP小羊（姜琳颖）,上海,2,
226,宝山,刘北辰,上海,1,Music is all around us.All we have to do is listen.
227,浦东新区,王敏,上海,1,小人物，大情怀，正能量
228,虹口,褚,上海,2,
229,静安,A王阳,上海,2,王阳
230,虹口,林佳琦,上海,1,
231,浦东新区,谢闽峰,上海,1,知者不惑，仁者不忧，勇者不惧
232,浦东新区,海英,上海,2,
233,浦东新区,李克武,上海,1,谈笑有鸿儒，往来无白丁。
234,南通,迎驾-妍妍,江苏,2,迎驾快洗加盟热线13962999668
235,普陀,银翼天刃,上海,1,以出世之心入世
236,广州,细于零,广东,1,
237,普陀,🍼虎牙Pia💦,上海,1,虎牙虎牙呼呼呀
238,广州,妙用堂-小羊,广东,2,
239,广州,妙用堂,广东,2,一手货源，诚招代理
240,青岛,red,山东,2,红
241,浦东新区,张雄刚,上海,1,一切事情到了最后都是好的，如果没好，说明还没到最后！
242,杨浦,猫叔,上海,1,滴哩笃
243,杨浦,慈龙玉,上海,2,内心美学，生活力学
244,浦东新区,徐少阳,上海,1,
245,,阿麗,,2,做人如水 做事如山
246,大连,lr,辽宁,1,
247,青岛,Painter Restore Studio,山东,2,Painter是一间有态度的漆面还原工作室!
248,静安,王开宇🐌,上海,2,It's better to burn out than to fade away
249,浦东新区,李真,上海,2,18616518515
250,,猫头,上海,1,琥珀 蜜蜡 翡翠 和田 顾江 17317584424
251,,杨杰,上海,2,
252,西安,lq,陕西,1,"最好的请过来，不好的请走开<span class=""emoji emoji1f64f""></span>"
253,静安,Peggy.思妤,上海,2,DO WHAT I CAN'T | BE BOLD
254,杭州,人心像海,浙江,2,斯人若彩虹，遇上方知有
255,徐汇,小飞侠,上海,1,
256,,云泽,Benguela,2,In the end we are all alone
257,泉州,CAI WENSUI,福建,1,诚心  虚心
258,,🤺悟空🤺,上海,1,也无风雨也无晴，一蓑烟雨任平生。
259,,那份晶莹,北京,2,
260,,小宝 .‍♛曹洪明,,1,子曰中午不睡，下午崩溃！
261,海淀,Jacob,北京,1,
262,,火龙果,北京,0,你成全了我的幸福，感念不忘～
263,闸北,PURPLE FOX,上海,1,胖子的忧伤……
264,杨浦,马婷婷,上海,2,生活不完美，但并不代表它不美好。
265,,小鹿情感解忧社～艾玛,,2,心理学女青年，专注提升、情感诊断挽回5年，让爱得偿所愿
266,,3️⃣6️⃣℃,北京,2,答案很长，我得用一生去回答你，准备好要听了吗？ 
267,,顾源,,1,迈向新的高点。
268,,小把戏,North Thiladhunmathi,1,"I'll be there for u, no matter what u do."
269,,琪琪,上海,2,
270,,小舟,,1,
271,青岛,丫瓶~,山东,2,
272,虹口,lgg,上海,1,lgg
273,,静,Tyrol,2,
274,,💋稳稳,,2,一花一世界，一叶一枯荣。
275,浦东新区,Irene,上海,2,
276,杨浦,sky,上海,1,岁月是把杀猪刀，淡淡的忧伤
277,浦东新区,lin.za,上海,2,
278,杨浦,aking,上海,1,客户虐我千百遍，我待客户如初恋
279,成都,吴华林,四川,1,人生不怕没钱，就怕无人陪你喝酒！感恩把我留在微信里的您！
280,,卢青,北京,1,
281,贵阳,阿道,贵州,1,现在每天10点睡觉，有问题请留言，第二天一早会看。
282,Boston City,米饭,Massachusetts,1,Iconoclast
283,乍得,诸葛小💥炮仗🤺,其他,2,"我是小人物
有些小梦想
实现它
挺好"
284,厦门,军华,福建,1,
285,虹口,徐修利 Robin,上海,1,相信才能靠近，相信才能看见。
286,浦东新区,强伍,上海,1,强伍
287,朝阳,沈跃峰,北京,1,
288,徐汇,🦁牙牙,上海,2,🐈大猫我们走～喵～喵～喵～
289,石家庄,俊敏,河北,2,没有开始，就不会有结束！
290,浦东新区,特特,上海,1,11
291,浦东新区,傩得伊憔悴,上海,1,没有第二次敬孝的机会，却又无数次思念过往，傩得伊憔悴。
292,,東,北京,1,"三十功名尘与土，
八千里路云和月。"
293,海淀,未来水晶,北京,2,
294,浦东新区,Jonas,上海,1,现在的一切，一切都会改变。
295,,杜俊,上海,1,驾驶教练，专业代拍上海车牌。
296,,文心,,0,
297,广州,Faye,广东,2,
298,,老虎大王喵,,2,=v=
299,,寒冰¼,,0,
300,朝阳,吕宏业,北京,1,18611707089
301,,绝望的吉它,,0,
302,郑州,枫怀情感咨询💕💕,河南,1,专业致力于两性魅力提升，快速脱单，极速挽回情感私人订制方案！
303,广州,linda,广东,2,爱情是什么。。。
304,,Sara甘,上海,2,
305,南通,勤能补拙-云,江苏,2,做教育我是认真的！
306,,玲,广东,2,
307,,黄茹茹,上海,2,
308,浦东新区,Joey,上海,2,
309,,忻辰翔,上海,1,我说你好，你说打扰
310,广州,tank,广东,1,
311,,594陈菡,上海,2,我的宝贝叫LYJ！
312,拉萨,你喔！,西藏,1,人生最狂时光，刚好你都在场。
313,,Miss 未,,2,
314,东营,云水摇曳的梦,山东,1,我们彼此相爱。就是为民除害。
315,,晴天,,1,
316,长宁,Amanda  Yang,上海,2,
317,嘉定,杨威,上海,1,
318,嘉定,栋妈,上海,2,
319,,爬结构顽主驿商城旗舰店,天津,1,科学养爬就用爬结构！
320,,左寅捷,上海,1,
321,成都,型男恋爱挽回导师,四川,1,专业狙击女神、挽回真爱团队，报名联系电话:13438332173
322,闸北,小酒窝fay菲,上海,2,
323,朝阳,拉墨恋爱学小娅,北京,1,此号已满，咨询课程请加：lamo668
324,广州,艳萍,广东,0,
325,,难   💔,,2,
326,浦东新区,吉龙,上海,1,动静相宜、内外结合，方能修身养性、行之千里
327,,韩,上海,1,
328,,LIFELINE命脉小编,上海,1,少些烦恼，多些快乐
329,南通,女王陛下,江苏,2,当我一个人熬过所有的苦，就不会想跟谁在一起了。
330,青岛,🐴🐯,山东,1,
331,,pasoo,上海,1,
332,,Jason💥,Geneve,1,不为失败找理由 只为成功找方法
333,,张菊芳,,2,
334,浦东新区,Doris,上海,2,"Life is like a box of chocolate,you never know ...."
335,邯郸,A.0 微雨林 ½,河北,1,有急事拨打电话15631410826 活体批发单默认发顺丰到付~！
336,,BetterLady,上海,2,凡事莫贵于务实
337,潍坊,巴黎风尚.潍坊,山东,2,客服
338,,愿一切安好,,1,
339,西安,席沛锋,陕西,1,
340,闵行,day day up,上海,1,路漫漫，其修远长
341,武汉,Lightbringer,湖北,1,泥涂曳尾
342,,phoebe,上海,2,
343,虹口,cachelern,上海,1,为什么一定要签名呢
344,青岛,王绚,山东,2,慢下来享受生活
345,,BooM良品素材(勿催！肯定会回),,0,未秒回不要着急，会回的
346,朝阳,小鹿情感解忧社～艾玛导师,北京,2,小鹿情感(亚洲最大的两性情感社区)让爱有迹可循让心得偿所愿小安
347,长宁,sky 王琦栋,上海,1,sky
348,浦东新区,曹琼,上海,2,私人教练
349,,张成忍（老铁）,上海,1,渡尽劫波兄弟在，相逢一笑泯恩仇～～～
350,湘潭,爱，好好对待,湖南,1,新的一年新的开始
351,广州,xiaoxiao,广东,2,
352,,挽风,,2,
353,虹口,陈冬,上海,1,
354,,小鹿幸福会社~情感分析师波波,北京,2,你的私人情感顾问__咨询描述详细信息
355,浦东新区,xiaojun,上海,1,自律
356,朝阳,马丽娜,北京,2,
357,浦东新区,孤傲一鹤,上海,1,规划生活.......
358,,陆旭昇,,1,
359,海淀,🐯花梨🐯 莲花居大当家,北京,2,淘宝莲花居客服，周六休！加：lianhuajukefu
360,广州,鼻涕虫mia,广东,2,热爱广州文化的热血小女子#@
361,杨浦,焦亦佳,上海,1,
362,,狮子皮皮,,1,
363,,沧浪,,1,88不济，已然过去
364,闸北,袖衣,上海,1,花开若相惜，花落莫相离
365,黄浦,虾球传新天地店,上海,2,地址：马当路388号soho复兴广场B2-25 
366,虹口,Tim,上海,1,Blanked it out like a car crash.
367,浦东新区,drifter,上海,1,
368,荆门,还没开始就结束了🚬,湖北,1,“不忘初心、方得始终”杭州萧山花木城19橦28号
369,徐汇,众凯MBA MPACC顾老师15026981021,上海,1,亲，信息没有及时回复，说明在忙，忙完后会回复，谢谢理解哦！
370,苏州,沈飞翔,江苏,1,三十年前 我是风流帅
371,青岛,💎🐯颓废芭比🦄👑,山东,2,
372,,开心阿米果11班,,2,"淘宝搜索<span class=""emoji emoji1f50d""></span>店铺代码号：9981182  直达果家店铺！"
373,武汉,柳景元,湖北,1,
374,丰台,冯彬,北京,1,认真做事！真诚做人！
375,扬州,小鹿yoyo,江苏,2,
376,广州,许兆锋,广东,1,"因上努力,果上随缘"
377,青岛,清静无为,山东,1,无欲则刚
378,,LHQ,,1,
379,徐汇,MICHAEL,上海,1,
380,杨浦,因为要一步一脚印,上海,2,一步一脚印就好...
381,朝阳,instinct,北京,2,对，我就是传说中大公国际的。
382,广州,Lin,广东,2,lin
383,浦东新区,RWW,上海,1,
384,朝阳,小鹿情感高级导师~灵儿姐,北京,2,详细说出你的问题，没有紧急问题先看朋友圈学习，工作时间14-22
385,,小鹿圆爱情感官方导师初晴,,2,恋爱 狙击 挽回  咨询免费 指导课程收费
386,,于延明,北京,1,事繁勿慌，事闲勿荒
387,青岛,尚致鲜生,山东,1,尚致鲜生 鲜拔头筹
388,东城,ann-shino,北京,2,子贡问君子。子曰：先行其言，而后从之。
389,大连,老毕,辽宁,2,一手货源，诚招代理
390,朝阳,小鹿情感金牌导师~绵羊💋,北京,2,知心绵羊，最懂女人心，长期关系、挽回，狙击，聊天，脱单，异地
391,淮安,︶ε╰尛光   -‍小光法斗✨,江苏,1,小光法牛，专业繁殖高品质法牛。CKU注册犬舍，小狗均带有出生纸
392,,太行崖柏【柏年好合】,Respublika Krym,1,
393,浦东新区,iBackUp,上海,1,
394,,🐢小雅龟业,,2,直款交易信誉长期观察 诚信第一 一个人没了诚信那就好比一无所有
395,浦东新区,辉辉,上海,1,
396,广州,妙用堂,广东,2,
397,浦东新区,溜溜达达,上海,1,微乎微乎，至于无形，神乎神乎，至于无声
398,浦东新区,彬彬,上海,2,
399,,「無念情感 」挽回顾问-空城,,0,"挽回前任 
追求真命
联系方式：13421343368"
400,,chengli,,2,仁义礼智信 温良恭俭让
401,青岛,万里,山东,1,不念过往，不畏将来！
402,Ocala,A.龟太浪🐢（招代理）,Florida,1,主营佛鳄，需要其他龟私我，信誉第一，售后保障！
403,,珍鲜堂,,1,崖柏料子稀缺 转行啦^_^ 现在做生鲜啦 主营烟台特产 苹果樱桃
404,广州,时广君,广东,1,处世树为模，本固任从枝叶动。立身钱作样，内方还要外边圆。
405,浦东新区,Kevin（黛蓝形象定制）,上海,1,"我叫Kevin<span class=""emoji emoji2728""></span>13524099496<span class=""emoji emoji2728""></span><span class=""emoji emoji2728""></span>"
406,浦东新区,人生若只如初见,上海,1,"I am not rich, but mentally rich, because of you"
407,广州,灰熊,广东,1,
408,,淋雨,上海,2,
409,朝阳,蔡正高,北京,1,
410,石景山,鲁滨胡,北京,1,信息时代
411,浦东新区,BennyQ,上海,1,、，。。…………
412,浦东新区,扬帆，启航,上海,1,像焰火一样展现给你的都是我最美的
413,宝山,0(∩_∩)0 丽,上海,2,"1874<span class=""emoji emoji1f493""></span>半聋半哑半糊涂"
414,浦东新区,毛胜毅,上海,1,戒酒
415,,凌波微步的狗痘痘会飞,,2,Enjoy your dark side
416,,桃之幺幺,,2,烟熏装很美，让我成了众人举目的熊猫。
417,黄浦,野生小白菜,上海,1,
418,朝阳,姜洁^_^,北京,2,
419,,艾葆葆,,0,
420,,delfan,,1,
421,,阚文娟,上海,2,
422,闵行,王文娟,上海,2,
423,浦东新区,Young,上海,2,"<span class=""emoji emoji1f483""></span>想得到的都拥有，得不到的都释怀"
424,杭州,周泉,浙江,1,人生难以完整，更加难以完美！
425,,郭磊,上海,1,
426,青岛,斋堂岛岛上人家13864899899,山东,2,斋堂岛旅游钓鱼住宿
427,,晓天,,1,A man can be destroyed but not defeated
428,静安,浪漫人族,上海,1,面对Nuts，Check Raise
429,海淀,敬玲,北京,2,怕失去，真的会失去
430,宝山,陈静（朵朵）,上海,2,只做精品 极品 高货蜜蜡文玩
431,,Andrew,北京,1,大数据，云计算，移动互联网，项目管理， 运动，读书，交友
432,虹口,朱老师,上海,1,
433,,陈想心中的梦幻,Ash Shariqah,2,人生路 怎么走 朋友多 路亦多 朋友你们都是我一个个交流过来的
434,保定,崖柏  系列产品  销售  陈华,河北,1,如果事与愿违  请相信上天对你另有安排
435,,李妮蔓 Nina,上海,2,鳗鱼～
436,青岛,A翠花🇨🇳🇦🇺🇯🇵,山东,2,把日子过成诗，简单而精致🍭🍭🍭
437,浦东新区,Amy汪雨婷🌹徽姑娘,上海,2,女人要想成功更需要百倍努力！
438,台州,龟宝宝安缘基地(已满)加1935206888,浙江,1,平时工作较忙，微信如未回复请电话联系15888635252感谢
439,广州,加胜,广东,1,一切皆有可(⊙o哦，⊙)哦，能！蒽梅
440,益阳,合法陆龟,湖南,1,不能转卖，不能宰杀，不能放生，不能放营业场所！
441,,💎 花。颜 🌺,,2,兵荒马乱的小青春、
442,松江,树懒,上海,2,哪怕冒着让别人失望的风险，也要有勇气爱自己。
443,无锡,凤凰于飞,江苏,2,
444,,羊羊🐑,,2,"Live and Learn<span class=""emoji emoji1f380""></span>"
445,青岛,皓霖,山东,1,医者仁心
446,浦东新区,微,上海,0,
447,朝阳,我就不,北京,2,跌跌跌跌跌不倒
448,浦东新区,huangxy,上海,2,
449,静安,清咖,上海,1,行在路上
450,青岛,👑PANDA大蜜儿～🎀。.．,山东,2,             待花开之时，用一滴泪。❄️___优雅从容得去生活。
451,,Hally,上海,0,做有趣的人、干有意义的事
452,南平,危绍林,福建,1,生活不会亏待爱笑的
453,浦东新区,至秦川一君🍦,上海,1,听说你喜欢海，所以我一直浪~
454,浦东新区,刘鑫鑫,上海,1,愿意跟我没心没肺的笑吗
455,,蛤蟆热,,1,十五，皮蛋，瘦肉还有喵喵
456,虹口,mia 郑,上海,2,不忘过去，不惧将来，不违本性，无愧于心
457,,R.I.X,,1,Never fail to disappoint.Never!成功来源于不放弃
458,,杜磊,,2,拔份儿！
459,黄浦,Chloe,上海,2,It never gets easier. You just get stronger.
460,,吴小梦,Sevilla,2,To be a better me..
461,,Tiantian,Sai Kung,2,
462,,Sunnie yang,上海,2,会有人看简介么？
463,浦东新区,心谷,上海,1,不以物喜 不以己悲
464,,稻草人🌾,上海,2,故事不需要逢人都讲
465,杨浦,sun,上海,1,在路上！
466,武汉,谈笑尘Sai,湖北,1,It is now or never!
467,石家庄,石木情@【晓雪】,河北,2,把最珍贵的，留给身边最爱的人。
468,浦东新区,Lee,上海,2,2018，落地，生根，发芽
469,衡阳,Yan,湖南,1,佛系监管
470,浦东新区,Sherry,上海,2,What would you do if you weren't afraid?
471,成都,康康,四川,2,沙中有印，光中有影，风中有音。
472,浦东新区,杨春,上海,1,
473,广州,汤帅伟,广东,1,淡定的人生不寂寞
474,青岛,曹杰13678892522,山东,1,手机号码更改为：13678892522
475,宿迁,🌹,江苏,2,往前一步是幸福
476,,HiFleet-张毅,上海,1,
477,,李宾,Vienna,1,顺天时、借地利、求人和
478,浦东新区,鲸鱼,上海,1,一个傻大个
479,闵行,藏,上海,1,陌上人如玉
480,青岛,Bo,山东,2,
481,,芬,,0,
482,,　,上海,1,A smooth sea never made a skillful mariner
483,,靜怡정 이(Christy),,2,莫忘初衷
484,烟台,高倩倩,山东,2,一只小虫子
485,房山,AAAAAAAAA奇爬大地,北京,1,玩宫人
486,浦东新区,十,上海,1,生命中的阳光！
487,徐汇,JY'🐼🐨🐷,上海,2,不听语音的喔 别发语音
488,,Jo  Lee,上海,2,城市更新 地产基金
489,宝山,张志丽,上海,2,即使在沉重的日子里也别忘了保持灵魂的轻盈内心的童真脸上的笑意
490,浦东新区,Tina 蒂娜,上海,2,
491,,胡赠华,上海,0,每天努力一点点，只为遇见更好的自己！
492,Melbourne,Eason,Victoria,1,少一些套路，多一些真诚
493,浦东新区,傅小V,上海,2,当华美的叶片落尽，生命的脉络才历历可见
494,,A！亮仔,,1,会好好的
495,,情感顾问～球球,北京,2,"任何情感问题都可以找我解决哦
工作时间13:30-21:00"
496,,老韩,上海,1,
497,广州,可可莎拉,广东,2,Try my best……
498,浦东新区,Heaven🐶,上海,2,"<span class=""emoji emoji2728""></span><span class=""emoji emoji1f478""></span>🏻<span class=""emoji emoji2728""></span>"
499,宿州,Lisa👉婷👈,安徽,2,愿你与这世界的温暖相拥
500,浦东新区,水青云,上海,2,
501,静安,彭勃,上海,2, Hakuna matata
502,,蚂蚁红,上海,2,我还是重新许愿
503,东城,陈昉,北京,1,
504,,天奇,,1,万事如一皆如意
505,朝阳,初晓,北京,1,"心之所向，素履以往
生如逆旅，一苇以航"
506,石景山,葛凤朋,北京,1,
507,宁波,阿伦,浙江,1,宁静致远！
508,,WSF,上海,1,
509,,刘树彬,上海,1,
510,浦东新区,Frank,上海,1,Carpe Diem.
511,浦东新区,吕娜,上海,2,
512,,为-理想无惧奋斗,Erfurt,1, ꯭㎉ ꯭为꯭-꯭理꯭想꯭无꯭俱꯭奋꯭斗꯭ ꯭㎉꯭
513,三亚,没关系。。,海南,2,别缠着往事不肯走、别赖着曾经不放手……
514,虹口,Robin,上海,1,
515,,小王🍉,上海,2,Hey。
516,,君子不器,上海,1,得之，我幸；失之，我命！
517,,野子🐳,,2,"一个卖爬的小姐姐，多多支持<span class=""emoji emoji1f60a""></span><span class=""emoji emoji1f60a""></span><span class=""emoji emoji1f60a""></span>"
518,烟台,朱润华,山东,2,
519,闵行,匕禾页,上海,2,往日情怀酿作酒，换我余生长醉不复忧！
520,浦东新区,宏客,上海,1,
521,,AO-爬官（进口非保大量接批）,,2,看货的  一切细节视频  定金看！！！
522,,儒茹,,0,
523,海淀,张平,北京,1,
524,徐汇,李良珂,上海,1,
525,通州,魂战天下,北京,1,
526,,JT锅,,1,「瘦过」
527,朝阳,王皓哲（Water）,北京,1,思，
528,广州,养清堂销售顾问,广东,0,
529,,海豚,北京,1,守候!
530,南京,桃子,江苏,2,直而不肆，光而不耀
531,,Sisley Song,Paris,2,
532,浦东新区,文 晴,上海,2,
533,,Isa8ella  ོ,,2,Carpe diem! Seize the day! 
534,,棍特（龟缘水族工作室）🐢,Osaka,1,主营：鳄龟各种蛋龟，全部🐢品种和变异。
535,,李文俊,上海,1,
536,青岛,徐子清,山东,2,
537,浦东新区,李荣亮,上海,1,
538,,常琪🌻,Madrid,2,小餐台梳化雪柜及两份红茶～
539,浦东新区,薄金光,上海,1,有光就有希望。
540,静安,sanmao,上海,2,身体健康，平平安安
541,浦东新区,Jane,上海,2,
542,,A  XYS--Reptiles（收退坑爬）,,1,加不上请多添加两次！或添加备用号unclogged 扫头像二维码
543,青岛,星冉,山东,2,之前工作号已加满，现在是新的工作号。工作时间12.30到晚上22.30
544,,梵fxy,上海,2,岂能事事如意，但求无愧于心！
545,深圳,杨琳,广东,1,
546,,眼大漏神,,0,脸老心不老
547,成都,幸是三生有幸的幸,四川,2,人生本就寂寞如雪，我们所有的不过我们自己。
548,邯郸,痴麻堂~慧军,河北,1,自信，坚强，认真，宽容，有钱怕神鬼，无钱神鬼怕
549,滨海新区,fishsiwon,天津,2,人不渡己
550,杨浦,little yellow,上海,2,摩羯座
551,深圳,立挽爱·乌鸦救赎助教子夜,广东,1,小鹿情感首席明星导师团队，数万名成功案例。
552,徐汇,朱梅,上海,2,不念过往，不畏将来
553,温州,铧之,浙江,2,
554,,仰望星空π,Cork,2,世界并不美丽，却也因此而美丽
555,Leicester,三月弥生🌸,England,2,不破不立 不舍不得
556,浦东新区,mango🎀,上海,2,查理·芒格说：想得到某样东西，最可靠的方法是让自己配得上它。
557,,朱军立,,1,hello
558,,SHJH  〰Jeven,,1,"Personal Trainer<span class=""emoji emoji2197""></span>       "
559,徐汇,Raymond-lm,上海,1,
560,浦东新区,Hz,上海,1,Some birds aren't  meant to be caged.
561,,众凯招生老师   翟明霞13585748131,,0,报名电话：13585748131
562,深圳,立挽爱·乌鸦救赎,广东,1,坏男孩第一情感明星导师团队，数万成功案例。
563,浦东新区,jh,上海,2,
564,,Rocky Lee,Central and Western,1,Busy
565,Melbourne,Yuu,Victoria,2,
566,,Amy 意玛软件,,0,"电子海图专家--海图软件引擎及开发服务
17321285737"
567,,立挽爱·乌鸦救赎助教,,1,小鹿情感首席明星导师团队，数万名成功案例。
568,,陈志强,,1,邓超
569,普陀,Chantrea,上海,2,"People come and go, that's LIFE."
570,卢湾,柳鼎鼎Justin,上海,1,阿弥陀佛
571,浦东新区,Constance Cheung,上海,0,"<span class=""emoji emoji1f436""></span>年旺旺"
572,周口,I  See You,河南,1,我不想说？
573,广州,tony,广东,1,杨涛
574,青岛,陈牛牛,山东,2,谨言慎行
575,浦东新区,Mr.陳先生～,上海,1,有了很爱很爱的人，就该守己安分，别再奢望更好的人……
576,,Melon,,1,Just Do It…！
577,广州,琪琪,广东,2,
578,浦东新区,suchen,上海,1,时间像永不停歇的浪潮，会把你推向豁然开朗的海阔天空
579,徐汇,梦寒Wang,上海,2,全部身心来建立我的幸福庄园
580,朝阳,lina,北京,2,
581,青岛,安仔码头,山东,2,从你的全世界路过
582,浦东新区,Amy（一个认真卖包的👧、,上海,2,是是非非！自己面对、、、
583,浦东新区,树,上海,2,做一棵树，站成永恒，不悲不欢，不依靠不寻找，沉默而骄傲
584,,平静,上海,2,面朝大海，春暖花开
585,浦东新区,ten0526,上海,1,Face to the reality，loyalty to an ideal！
586,丰台,露荃,北京,1,我在红尘唯仰止，高超碧落几千层。
587,,上海航海图书专销站15221374546,,0,天安数码T园区保定路23号2楼211室
588,,🐈,重庆,1,Something for nothing.
589,杨浦,Sunshine,上海,2,Better Me
590,青岛,厚德载物,山东,1,
591,,吳媚,,0,磐涅重生
592,,根聚地🇨🇳竹磊,北京,1,契约精神 做人要有底线
593,,时白白真品汇,,2,热爱生命的人儿都爱跑步
594,徐汇,清露,上海,2,恬淡虚无
595,,qinmeng,上海,0,
596,闵行,彭导导,上海,2,"Take pains,and be perfect."
597,,林夕,上海,2,知道自己重要的是什么，不重要的是什么，而后做一个从简的人！
598,浦东新区,大酸菜鱼🐟,上海,1,简单生活 快乐工作
599,长宁,左一,上海,2,I need vitamin sea.
600,青岛,QQ,山东,1,Alles gute!
601,静安,枫,上海,1,"Each smile of yours makes me happy , even giggle . "
602,,璐璐羊,,2,做一个始终对生活有爱的，温柔的，自知的，天真的人。
603,,Catherine,,2,春风十里不如你......
604,,马达@上海自贸区 换微信了,上海,1,7店老店，人品靠谱，可以加我小号 1420503336
605,西城,冬眠的猫,北京,1,过敏的猫
606,杨浦,吕晓飞,上海,2,"采小伙的小姑娘<span class=""emoji emoji1f60f""></span>
采完小伙采客户<span class=""emoji emoji1f604""></span>"
607,,后来,,2,
608,哈尔滨,张晓安,黑龙江,1,"賊牛逼的设计，賊吊的程序开发，App,小程序，网站开发！"
609,朝阳,资深转运师·宝莲妃玥,北京,2,《宝莲妃玥》专治癌症业障病！负责为大家招财转运！
610,宝山,Vicky_yiyi,上海,2,"<span class=""emoji emoji1f493""></span>"
611,朝阳,琳儿丶Y💋,北京,2,做个俗人  贪财好色一身正气
612,静安,(๑'ᴗ'๑)🍭Suki,上海,2,脑子瞎了的时候，有眼睛也没用……
613,杨浦,S。,上海,2,
614,浦东新区,Grace,上海,2,早安，未知的一天
615,,Ariel🌈,,2,
616,,大美丽,,2,笑看人生
617,松江,🍃,上海,2,
618,,馨奶爸🍼On Call,上海,1,
619,盐城,Cathy🌴xixi,江苏,2,a secret makes a woman woman
620,,ballerina,,2,I will be ok
621,,隔壁家的老男孩👉🐷様,Kagoshima,1,“没有机会”，永远都是loser的推诿之辞。
622,湾仔区,Super Reptile Studio 爬联🦎,香港,1,爬圈知名商家 現貨商家 高質零售及批及批發可中介視頻挑🦎
623,保定,闫磊,河北,1,绿蚁新醅酒，红泥小火炉。晚来天欲雪，能饮一杯无？
624,,銳,Wallis,1,阿彌陀佛
625,青岛,小青青,山东,2,
626,西城,꧁༺春天的大西瓜༻꧂,北京,2,"<span class=""emoji emoji1f349""></span> 生活随心~"
627,,大兔儿萌,北京,2,
628,,雷蕾,,2,正能量
629,,汤姆🐷,,2,本来无一物   何处惹尘埃
630,,Autism（龟缘萌宠）boss,Offaly,2,不喜互删，长期收代理，信誉长期观察！
631,徐汇,Alan,上海,1,一杯水的单纯，面对一辈子的复杂！
632,浦东新区,上海自贸区@助理号,上海,1,再思而行，行于至善。
633,,田妤婕,,0,爱出者爱返，福往者福来
634,朝阳,辉,北京,2,万事藏于心不表于情
635,武汉,Aimsen猎头|黄刚Aicen,湖北,1,爱上橙梦一生
636,广州,小旭😘,广东,2,"爱笑的<span class=""emoji emoji1f467""></span>🏻运气一定不会太差^_^"
637,浦东新区,音,上海,2,
638,Edinburgh,Zeinab(蓉蓉),Scotland,2,“当你懂得自律时，那些困难都不算什么。”
639,广州,王超,广东,1,
640,广州,🍂  Della,广东,2,别把自己想的太重要。
641,闵行,洁茹,上海,2,来人间一趟，你要看看太阳
642,,懒羊一只,辽宁,2,若知倦书悔前程，无如渔樵未识时
643,浦东新区,RARA,上海,2,你想要的 未来可期
644,朝阳,小鹿情感～兮兮,北京,2,朋友圈是心灵的窗口。我是一个情感医生，只医情商，不救脑~
645,嘉定,蓉尐粥,上海,2,一首歌... 一个故事...
646,,火炭(爬宠用品),,0,直款交易，想好再买，付款之后不要了我这里只退百分之70。
647,六安,Pardon,安徽,1,应晓韶华犹在傍，何事苦，世茫茫。
648,浦东新区,送你一匹马,上海,1,Just do it
649,,小鹿子墨团队金牌导师～小萱,,2,先看朋友圈，主打长期关系、挽回、 魅力全面提升  非免费指导
650,Melbourne,玫瑰果茶,Victoria,2,如果，错误错的那么美丽，那它又何尝是个错误呢？
651,嘉定,じAomrご心渃相依つ💗,上海,2,你的过去我来不及参与，你的未来我奉陪到底
652,,短毛兔🐰,,2,风尘契阔 行路且歌
653,,秀清,上海,2,"胆量决定财富、不平凡人的自己，改变家族命运。
"
654,沈阳,拿哥,辽宁,1,
655,,🍭Jesse🎩兽小咖🌹,,1,世界上最长的路是套路
656,广州,bergky,广东,1,世间的繁华，不过一掬沙。一沙一世界，天地一坛城。
657,黄浦,Meeker,上海,1, 
658,朝阳,汤澍吉,北京,1,
659,虹口,陈裕平💎💎💎,上海,2,
660,浦东新区,Candy,上海,2,自己选择的路，只有靠自己，别人帮不了你。努力超越自己……
661,浦东新区,Lacey,上海,2,灵魂有香气的女子～
662,徐汇,Lucy W,上海,2,戒骄戒躁 ‖ In me the tiger sniffes the rose
663,,Snow导师,,0,国家心理咨询师 国家婚姻家庭咨询师 注册催眠师 中国心协成员
664,成都,型男💨💨,四川,1,............
665,,搁浅🐢（招代理）,,1,诚信经营水龟陆龟半水龟种类齐全谢谢新老客户的支持与信任！！！
666,绍兴,Lucas,浙江,1,佰無一用是書生 
667,苏州,Q,江苏,2,不告诉你
668,,Sunflowers🔆,,2,"爱生活 爱旅行～我喜欢为了想要的生活而努力的自己<span class=""emoji emoji1f4aa""></span><span class=""emoji emoji1f4aa""></span><span class=""emoji emoji1f4aa""></span>"
669,怀柔,🌱 晴兮兮,北京,2,用心植树  不问花期
670,浦东新区,Chiu-,上海,2,❣️
671,无锡,陈昕杰,江苏,1,"肛门:谁？
屎:我是屁，开开门
肛门:哦，过去吧"
672,苏州,sally🐑..小宇,江苏,2,养羊专业户
673,宝山,嫣然,上海,2,安之一隅，静默如花的小猫咪
674,闸北,王彦珽,上海,2,
675,,交大红娘3号客服💁山竹君,,0,愿每一位优秀的人都不再孤单
676,,交大红娘2号客服✋西瓜妹,上海,2,"陪你遇见最好的爱情<span class=""emoji emoji1f491""></span>"
677,朝阳,AP极宠-笨笨🐍,北京,2,AP极宠-宠物寄养、出售各种两栖爬宠…
678,,蔚来|| 周竞仪 Rebecca13917579371,,0,
679,浦东新区,小豹纹脾气,上海,2,愿知乾坤大，犹怜草木青
680,,糖果情感导师~奶糖,,0,甜馨老师每周周六休息，上班时间：1.30-9.00 下午五点到六点吃饭
681,,晗玥,上海,2,
682,朝阳,刘腾蛟,北京,1,
683,海淀,梁小荃,北京,2,善念是最好的陪伴，即使沉默也有笑意嫣然。
684,,🍃  杨子,,2,己所不欲 勿施于人
685,黄浦,Doris He,上海,2,
686,保山,苏杨,云南,1,专做南红玛瑙
687,,夏坚强,上海,1,
688,东城,范京安,北京,1,无畏于低谷，有道于高峰
689,浦东新区,沈友兴,上海,1,
690,青岛,JASONᵉᵒ 🐠🐠🐠,山东,1,Leaders are born from survival.
691,,moonbeam,上海,2,睡不着星人
692,普陀,双双,上海,2,疼爱是不讲理也让我几分～！
693,,💜💗Kuri💛💚,,0,
694,朝阳,周影,北京,2,
695,中山,IronMan,广东,1,爱己方能爱人
696,,丁寒 | 蔚来NIO,,0,18621303489
697,成都,丹丹,四川,2,修身，修性，修心
698,,Elaine🌸,Rio Cuarto,2,"If shed tears when you miss the sun,you also miss the stars."
699,,闲蛋超人,,1,
700,,Grace,,2,所爱隔山海，山海皆可平；百事从心起，一笑解千愁🌝🌝🌝
701,广州,Danny,广东,2,相由心生 镜由心造
702,广州,路遥长跑乐,广东,1,日省日进
703,朝阳,杜绍森,北京,1,Secure your Data，Easy your life
704,浦东新区,紫气东来,上海,2,
705,,紫小姐,上海,2,向内认知，向外行走。
706,浦东新区,A.   张敏杰🐰,上海,2,"<span class=""emoji emoji2b50""></span>️゛岁月未曾慈悲，但应始终
             不移真心，始终善良"
707,,茶茶社群商务小助手2,,0,
708,泰州,普普小猫,江苏,2,
709,长宁,李雪玲  项目管理培训,上海,2,拼命姑娘！！！
710,,爱诺,,1,
711,,小不点🌸🍃,,2,且听风吟，静待花开。
712,扬州,再@美的记忆也是过去,江苏,2,"你变了 仙̶若̶ۣۖ<span class=""emoji emoji1f48b""></span>"
713,深圳,Aimsen 猎头 | 霍艳茹 Regina,广东,1,
714,普陀,彼岸周醫生,上海,1,
715,杭州,Super crawl「执生爬世界」,浙江,1,非保育现货商家 所有爬宠提供视频挑选.
716,广州,Cg-Huang,广东,1,大黄黄！
717,,ButterflYBoY,上海,1,li.qy
718,杨浦,彼岸,上海,2,
719,青岛,陈瑞芬Cindy,山东,2,芬
720,Newcastle,jackbaor,New South Wales,1,2018年11月至2019年2月境外出差中为了更好服务，有事微信联系
721,,☔于小鱼,Quebec,2,一个心情
722,石家庄,Shaw Gao,河北,1,
723,松江,Fairy.💋是大头娃娃💢,上海,2,我没有想象中的勇敢
724,丰台,🍓甜甜草莓小WiFi🍓,北京,2,"<span class=""emoji emoji1f499""></span>小事成大事<span class=""emoji emoji1f499""></span>沉默是金<span class=""emoji emoji1f499""></span>距离产生美<span class=""emoji emoji1f499""></span>"
725,南京,X,江苏,2,既往不恋 当下不杂 未来不迎
726,无锡,王芳,江苏,2,电话号码：18368329173
727,浦东新区,Shawn🌸送小仙女们fafa,上海,2,"<span class=""emoji emoji1f446""></span>持续为朋友圈的各位推送新鲜有趣的内容，照顾不周请及时退订"
728,,司宸颖,上海,2,我姓司，名童楠，字宸颖，也是丝瓜妞～很高兴能按自己的心意活着
729,虹口,💙小鱼🐟💗,上海,2,如人饮水，冷暖自知
730,静安,🐰wenny🐰,上海,2,脱贫
731,,金木🐻（爬干净）,,1,真情实意
732,,Tina HU,上海,2,Life is all about experience
733,黄浦,安妮同学💌银行贷款,上海,2,"能遇见的都是缘分<span class=""emoji emoji1f338""></span>能在一起的都是幸运 <span class=""emoji emoji1f338""></span>银行信用和抵押贷款"
734,,平安守望,,0,
735,,蓝蓝的天空，白白的云,,1,做个烂人，大风大雨    绝不缺你
736,,亚亚,,2,
737,,空染·自在,,2,"Strength, Energy and Power "
738,苏州,Sunshine,江苏,2,"You take the initiative to point, we will have a story"
739,徐汇,朱朱,上海,2,闲处光阴易过；
740,,吴珏,,2,朋友圈里留头讨人厌的猪干嘛？
741,Southampton,Katherine🎵,England,2,你相信什么，就会看见什么
742,,荚蒾,上海,2,我忠诚于这二流的年代
743,静安,邹一格,上海,2,欲买桂花同载酒，终不似，少年游
744,长宁,小囡,上海,2,姑娘，想你的人自会找你。少点套路多点真诚
745,,Amber Z,Dublin,2,吶，做人嘞最緊要系開心啦
746,,逆流的鱼,上海,2,
747,长宁,赤橙黄绿青蓝紫,上海,2,"但行好事，莫问前程<span class=""emoji emoji1f33b""></span>"
748,浦东新区,欢欢,上海,2,
749,佛山,Dragon,广东,2,
750,浦东新区,孙瑞,上海,2,
751,深水埗区,稀🇨🇳XCC（看不到友圈直删）,香港,1,弘扬爬宠文化，让每人都拥有自己心仪的爬宠。离百年老店还有94年
752,广州,莫楀🌼,广东,2,一起好好吃顿饭🍽
